county,Disease_Condition,value
Baringo,Anaplasmosis,28
Baringo,Animal bites,21
Baringo,Bees Sting,3
Baringo,Black Quarter,6
Baringo,Blue  Tongue,42
Baringo,Blue Tongue ,3197
Baringo,Bluetongue ,31
Baringo,Calf Scours ,6
Baringo,Coccidosis,34
Baringo,Contagious Caprine Pleuropneumonia (CCPP),5305
Baringo,Damerthophylosis,7
Baringo,East Coast Fever(ECF),21
Baringo,Enterotoxaemia,66
Baringo,Foot and Mouth Disease (FMD),926
Baringo,Goat Pox,10876
Baringo,Heart Water,35
Baringo,Helminthiasis,130
Baringo,Johnes Disease,4
Baringo,Lumpy Skin Disease (LSD),1695
Baringo,Newcastle Disease (NCD),120
Baringo,Non,10
Baringo,Peste des Petit Ruminants (PPR),4597
Baringo,Pneumonia,32
Baringo,Poisoning,4
Baringo,Rabies,48
Baringo,Sheep Pox,2055
Baringo,blue tongue,120
Bomet,Abscess,0
Bomet,Abscesses,0
Bomet,Anaplasmosis,3
Bomet,Animal bites,5
Bomet,Anthrax,124
Bomet,Black Quarter,80
Bomet,Brucellosis,8
Bomet,Coccidosis,90
Bomet,East Coast Fever(ECF),44
Bomet,Fasciola,0
Bomet,Fatty Degeneration,0
Bomet,Fibrosis,0
Bomet,Foot and Mouth Disease (FMD),393
Bomet,Helminthiasis,26
Bomet,Hydited Cyst,0
Bomet,Liver Cyrrhosis,0
Bomet,Liver cyrrhosis,0
Bomet,Lumpy Skin Disease (LSD),103
Bomet,Mange,1
Bomet,Mastitis,12
Bomet,Peste des Petit Ruminants (PPR),40
Bomet,Pneumonia,7
Bomet,Poisoning,201
Bomet,Rabies,100
Bomet,Streptothricosis,0
Bomet,Telangiectasis,0
Bomet,Trypanosomiasis,32
Bomet,ephemeral fever ,43
Bungoma, Myasis,3
Bungoma,Acute Camel Disease Syndromes (ACDS),52
Bungoma,Anaplasmosis,50
Bungoma,Animal bites,116
Bungoma,Anthrax,2
Bungoma,Black Quarter,15
Bungoma,Brucellosis,78
Bungoma,Coccidosis,55
Bungoma,Coeneurosis,5
Bungoma,Colic,1
Bungoma,Dystocia,2
Bungoma,East Coast Fever ,0
Bungoma,East Coast Fever(ECF),48
Bungoma,Ehrlichiosis,3
Bungoma,Enterotoxaemia,14
Bungoma,Food Poison ,4
Bungoma,Foot and Mouth Disease (FMD),580
Bungoma,Heart Water,4
Bungoma,Helminthiasis,239
Bungoma,Hyenas Bite ,51
Bungoma,Infectious Bronchitis,32
Bungoma,Infectious Bursai Disease (Gumboro),5
Bungoma,Ketosis,2
Bungoma,Laminitis,6
Bungoma,Lumpy Skin Disease (LSD),59
Bungoma,Mange,26
Bungoma,Mastitis ,2
Bungoma,Newcastle Disease (NCD),5
Bungoma,Orf,3
Bungoma,Orf ,6
Bungoma,Pneumonia,209
Bungoma,Post Parturient Condition ,1
Bungoma,Rabies,106
Bungoma,Swine dysentery ,4
Bungoma,Tetanus,1
Bungoma,Trypanosomiasis,5
Busia,Abdominal Hernia,12
Busia,Abscess ,1
Busia,African Swine Fever (ASF),38
Busia,Anaestrus ,1
Busia,Anaplasmosis,132
Busia,Animal bites,85
Busia,Anthrax,8
Busia,Atrophic rhinitis,0
Busia,Babesiosis,11
Busia,Black Quarter,37
Busia,Bottle Jow,50
Busia,Bovine Filariasis ,3
Busia,Bovine Salmonellosis,4
Busia,Brucellosis,291
Busia,Calf Scours ,8
Busia,Canine Distemper (CD),7
Busia,Cervical Prolapse In An Incalf Cow,1
Busia,Clinical Mastitis,27
Busia,Coccidosis,36
Busia,Coeneurosis,6
Busia,Cutaneous Myiasis,9
Busia,Cutaneous Wounds(Fungal),4
Busia,Dermatophilosis,1
Busia,Dermatophilosis ,9
Busia,Dermatophytosis ,1
Busia,Dietary Diarrhea ,1
Busia,Dislocation ,46
Busia,Downer Cow Syndrome,2
Busia,Dystocia,1
Busia,Dystocia ,57
Busia,East Coast Fever(ECF),525
Busia,Enterotoxaemia,81
Busia,Food Poisoming,28
Busia,Foot Rot,8
Busia,Foot and Mouth Disease (FMD),44
Busia,Fowl Pox,624
Busia,Fowl Typhoid ,15
Busia,Fowl Typoid,33
Busia,Heart Water,38
Busia,Helminthiasis,459
Busia,Injury ,8
Busia,Keratoconjutivitis,42
Busia,Ketosis,3
Busia,Ketosis/Enterotoxaemia,3
Busia,Lameness ,9
Busia,Leptospirosis ,30
Busia,Lumpy Skin Disease (LSD),1368
Busia,Mange,41
Busia,Mastitis,5
Busia,Mastitis ,9
Busia,Menges,3
Busia,Newcastle Disease (NCD),94
Busia,Non,15
Busia,Paraphimosis,1
Busia,Parvovirus,3
Busia,Peste des Petit Ruminants (PPR),1
Busia,Pink Eye,13
Busia,Pink Eye Disease ,6
Busia,Pneumonia,224
Busia,Poisoning,5
Busia,Pustular Dermatitis,4
Busia,Rabies,25
Busia,Red Urine ,5
Busia,Rift Valley Fever (RVF),25
Busia,Shipping Fever,10
Busia,Stomach Enteritis,3
Busia,Suspected Snake Bite,5
Busia,Swine Erysipelas,68
Busia,Trauma ,0
Busia,Traumatic Deep Cut ,3
Busia,Traumatic Injury ,1
Busia,Trypanosomiasis,398
Busia,Warble ,1
Busia,ephemeral fever ,201
Elgeyo/Marakwet,Abortion ,0
Elgeyo/Marakwet,Absess,3
Elgeyo/Marakwet,Anaplasmosis,75
Elgeyo/Marakwet,Animal Bite,5
Elgeyo/Marakwet,Animal bites,27
Elgeyo/Marakwet,Babesia Bovis,12
Elgeyo/Marakwet,Babesiosis ,0
Elgeyo/Marakwet,Bloat,65
Elgeyo/Marakwet,Blue Tongue ,5
Elgeyo/Marakwet,Brucellosis,36
Elgeyo/Marakwet,Cirrhosis,0
Elgeyo/Marakwet,Coccidosis,1
Elgeyo/Marakwet,Diarrhoea,40
Elgeyo/Marakwet,Distocia,2
Elgeyo/Marakwet,Dystochia,5
Elgeyo/Marakwet,East Coast Fever(ECF),282
Elgeyo/Marakwet,Ephemeral Fever,3
Elgeyo/Marakwet,Foetal Mumification,1
Elgeyo/Marakwet,Foot and Mouth Disease (FMD),81
Elgeyo/Marakwet,Footrot,151
Elgeyo/Marakwet,Fowl Pox,90
Elgeyo/Marakwet,Goat Pox,8
Elgeyo/Marakwet,Haemorrhagic septicemia,200
Elgeyo/Marakwet,Heart Water,20
Elgeyo/Marakwet,Helminthiasis,216
Elgeyo/Marakwet,Johnes Disease,2
Elgeyo/Marakwet,Mange Infestation ,80
Elgeyo/Marakwet,Mastitis,5
Elgeyo/Marakwet,Mastitis ,1
Elgeyo/Marakwet,Mineral Salt Defficiency,20
Elgeyo/Marakwet,No,8
Elgeyo/Marakwet,Oestrus Ovis ,19
Elgeyo/Marakwet,Peste des Petit Ruminants (PPR),35
Elgeyo/Marakwet,Plant Poison,1
Elgeyo/Marakwet,Pneumonia,187
Elgeyo/Marakwet,Poisoning,7
Elgeyo/Marakwet,Rabies,86
Elgeyo/Marakwet,Redwater,7
Elgeyo/Marakwet,Retained,1
Elgeyo/Marakwet,Retained  After Birth,1
Elgeyo/Marakwet,Retained Placenta,0
Elgeyo/Marakwet,Sheep Pox,10
Elgeyo/Marakwet,TVT,4
Elgeyo/Marakwet,Tetanus,8
Embu,Anthrax,5
Embu,Brucellosis,10
Embu,Foot and Mouth Disease (FMD),110
Embu,Lumpy Skin Disease (LSD),3204
Embu,Rabies,22
Garissa, Anaplasmosis ,456
Garissa,Anaplasmosis,15
Garissa,Animal bites,23
Garissa,Anthrax,255
Garissa,Arthritis ,19
Garissa,Babesiosis ,87
Garissa,Brucellosis,46
Garissa,Contagious Bovine Pleuropneumonia (CBPP),219
Garissa,Contagious Caprine Pleuropneumonia (CCPP),30125
Garissa,Contagious Ecthyma,850
Garissa,Contagious Ecthyma ,750
Garissa,East Coast Fever(ECF),68
Garissa,Foot and Mouth Disease (FMD),1830
Garissa,Goat Pox,1585
Garissa,Helminthiasis,207
Garissa,Infectious Bursai Disease (Gumboro),431
Garissa,Iron Defficiency,9
Garissa,Lumpy Skin Disease (LSD),929
Garissa,Mange,193
Garissa,Peste des Petit Ruminants (PPR),8012
Garissa,Pneumonia,120
Garissa,Sheep Pox,4907
Garissa,Trypanosomiasis,1116
Garissa,Wound ,0
Homa Bay,Foot and Mouth Disease (FMD),8
Isiolo,Abscesses ,0
Isiolo,Contagious Caprine Pleuropneumonia (CCPP),143
Isiolo,Disease Characterized By General Elongation Of Hooves Leading To Lameness,15
Isiolo,Foot and Mouth Disease (FMD),44
Isiolo,Footrot,310
Isiolo,Goat Pox,364
Isiolo,Helminthiasis,309
Isiolo,Menge,129
Isiolo,Pneumonia,25
Isiolo,Pneumonia ,290
Kajiado,Anthrax,207
Kajiado,Anthrax ,3
Kajiado,Babesiosis ,5
Kajiado,Black Quarter,127
Kajiado,Brucellosis,532
Kajiado,Contagious Bovine Pleuropneumonia (CBPP),21
Kajiado,Contagious Caprine Pleuropneumonia (CCPP),2007
Kajiado,Ecf,100
Kajiado,Foot and Mouth Disease (FMD),1480
Kajiado,Goat Pox,86
Kajiado,Heart Water,30
Kajiado,Helminthiasis,50
Kajiado,Leptospirosis,180
Kajiado,Lumpy Skin Disease (LSD),3469
Kajiado,Newcastle Disease (NCD),12
Kajiado,Orf,200
Kajiado,Peste des Petit Ruminants (PPR),1119
Kajiado,Pneumonia,17
Kajiado,Rabies,121
Kajiado,Rift Valley Fever (RVF),41
Kajiado,Sheep scab,42
Kakamega,Abscess ,25
Kakamega,Anaplasmosis,56
Kakamega,Animal bites,13
Kakamega,Anthrax,39
Kakamega,Bee Stings ,0
Kakamega,Black Quarter,35
Kakamega,Brucellosis,219
Kakamega,Caseous Lymphad ,14
Kakamega,Cervical Prolapse,2
Kakamega,Clinical Mastits,5
Kakamega,Coccidosis,8
Kakamega,Contagious Caprine Pleuropneumonia (CCPP),221
Kakamega,Dermatitis ,4
Kakamega,Dermatomycosis,13
Kakamega,Dermatophilosis ,1
Kakamega,Dermatophylosis,10
Kakamega,Diarrhoea ,3
Kakamega,Dytocia,15
Kakamega,East Coast Fever(ECF),154
Kakamega,Enterotoxaemia,16
Kakamega,Foot And Rot,2
Kakamega,Foot and Mouth Disease (FMD),289
Kakamega,Fowl Typhoid,30
Kakamega,Goat Pox,1285
Kakamega,H.S,67
Kakamega,Haemorrhagic septicemia,16
Kakamega,Heart Water,3
Kakamega,Helminthiasis,113
Kakamega,Injury,4
Kakamega,Johnes Disease,1
Kakamega,Kennel cough,5
Kakamega,Lumpy Skin Disease (LSD),1784
Kakamega,Mange,10
Kakamega,Mastitis,10
Kakamega,Mastitis ,13
Kakamega,Milk Fever,1
Kakamega,Myocarditis ,0
Kakamega,Parasite Infestation ,2
Kakamega,Parvovirus,3
Kakamega,Pink Eye ,35
Kakamega,Pink Eye Infection ,8
Kakamega,Pneumonia,122
Kakamega,Poisoning,3
Kakamega,Rabies,2098
Kakamega,Ringworms,4
Kakamega,Salmonellosis ,1
Kakamega,Salmonelosis,3
Kakamega,Trypanosomiasis,295
Kakamega,Vaginitis,1
Kakamega,Warts,5
Kakamega,injury ,60
Kericho,Anaplasmosis,4
Kericho,Anthrax,2
Kericho,Black Quarter,5
Kericho,Foot And Mouth ,150
Kericho,Foot and Mouth Disease (FMD),25
Kericho,Lumpy Skin Disease (LSD),503
Kericho,Rabies,16
Kiambu,Foot and Mouth Disease (FMD),8
Kiambu,Lumpy Skin Disease (LSD),3
Kilifi,East Coast Fever(ECF),16
Kilifi,Heart Water,10
Kilifi,Helminthiasis,15
Kilifi,Lumpy Skin Disease (LSD),20
Kilifi,Mange,8
Kilifi,Newcastle Disease (NCD),15
Kilifi,Pneumonia,51
Kilifi,Trypanosomiasis,15
Kirinyaga,Anaplasmosis,3
Kirinyaga,Helminthiasis,14
Kisii,Anthrax,3
Kisumu,Anaplasmosis,20
Kisumu,Animal bites,11
Kisumu,Anthrax,3
Kisumu,Black Quarter,36
Kisumu,East Coast Fever(ECF),96
Kisumu,Ehrlichiosis,4
Kisumu,Helminthiasis,14
Kisumu,Johnes Disease,23
Kisumu,Lumpy Skin Disease (LSD),1
Kisumu,Metritis ,6
Kisumu,Nsd,2
Kisumu,Parvovirus,3
Kisumu,Pneumonia,4
Kisumu,Septic Wound,0
Kisumu,Trypanosomiasis,19
Kitui,Abscess,0
Kitui,Anaplasmosis,23
Kitui,Anaplasmosis ,0
Kitui,Animal bites,43
Kitui,Babesiosis ,0
Kitui,Bovine Ephemeral Fever,3
Kitui,Coccidosis,60
Kitui,Contagious Caprine Pleuropneumonia (CCPP),351
Kitui,DHLP,0
Kitui,East Coast Fever(ECF),26
Kitui,Ehrlichiosis,0
Kitui,Enterotoxaemia,63
Kitui,Foot and Mouth Disease (FMD),438
Kitui,Heart Water,121
Kitui,Helminthiasis,23
Kitui,Lumpy Skin Disease (LSD),15
Kitui,Mange,0
Kitui,Myiasis,0
Kitui,Newcastle Disease (NCD),1530
Kitui,Peste des Petit Ruminants (PPR),40
Kitui,Pimply Guts ,0
Kitui,Pneumonia,55
Kitui,Sarcoid ,0
Kitui,Tetanus,0
Kitui,Tetanus ,0
Kitui,Trypanosomiasis,1022
Kwale,Abscess ,4
Kwale,Amoebiasis ,6
Kwale,Anaplasmosis,125
Kwale,Bacterial Infection,18
Kwale,Black Quarter,6
Kwale,Bloat,0
Kwale,CRD,42
Kwale,Canine Distemper (CD),2
Kwale,Coccidosis,932
Kwale,Contagious Caprine Pleuropneumonia (CCPP),2014
Kwale,Dermatitis ,5
Kwale,Dermatophilosis,5
Kwale,Diarrhea ,3
Kwale,East Coast Fever(ECF),111
Kwale,Enterotoxaemia,82
Kwale,Envenomation,20
Kwale,Foot Rot,2
Kwale,Foot and Mouth Disease (FMD),198
Kwale,Fowl Pox,33
Kwale,Goat Pox,50
Kwale,Heart Water,169
Kwale,Helmenthesis ,32
Kwale,Helminthiasis,1287
Kwale,Infectious Bronchitis,103
Kwale,Injury ,4
Kwale,Kennel cough,6
Kwale,Leptospirosis,1
Kwale,Lumpy Skin Disease (LSD),93
Kwale,Management ,35
Kwale,Mange,28
Kwale,Mange Mites,76
Kwale,Manges,26
Kwale,Mastitis,3
Kwale,Mastitis ,2
Kwale,Metal Cut Wound,2
Kwale,Newcastle Disease (NCD),1687
Kwale,No,31
Kwale,Orf,24
Kwale,Pneumonia,1268
Kwale,Pneumonia And Mange,3
Kwale,Poisoning,39
Kwale,Poisoning ,2
Kwale,Rabies,6
Kwale,Retained afterbirth ,0
Kwale,Salmonellosis,0
Kwale,Scepticaemia,5
Kwale,Septicemia ,51
Kwale,Sheep Pox,15
Kwale,Ticks Infestation,5
Kwale,Trypanosomiasis,391
Kwale,Wound,6
Kwale,pink eye ,0
Kwale,wound,0
Laikipia,Anaplasmosis,3
Laikipia,Animal bites,2000
Laikipia,Brucellosis,90
Laikipia,Coccidosis,300
Laikipia,Contagious Caprine Pleuropneumonia (CCPP),100
Laikipia,East Coast Fever(ECF),63
Laikipia,Foot Rot,400
Laikipia,Foot and Mouth Disease (FMD),22
Laikipia,Fowl Pox,233
Laikipia,Helminthiasis,275
Laikipia,Hemonchosis,800
Laikipia,Infectious Bursai Disease (Gumboro),550
Laikipia,Lumpy Skin Disease (LSD),1755
Laikipia,Peste des Petit Ruminants (PPR),293
Laikipia,Pneumonia,31
Laikipia,Rabies,2
Laikipia,Traumatic Reticulopericarditis,2
Lamu,Animal bites,31
Lamu,Choke,20
Lamu,Contagious Bovine Pleuropneumonia (CBPP),300
Lamu,Contagious Caprine Pleuropneumonia (CCPP),559
Lamu,Enterotoxaemia,10
Lamu,Foot Rot,20
Lamu,Foot and Mouth Disease (FMD),111
Lamu,Fowl Pox,30
Lamu,Helminthiasis,46
Lamu,Lumpy Skin Disease (LSD),170
Lamu,Nil,30
Lamu,Pink Eye ,10
Lamu,Pneumonia,7
Lamu,Rabies,82
Lamu,Trypanosomiasis,35
Lamu,Trypanosomiasis ,1
Machakos,Foot and Mouth Disease (FMD),0
Machakos,Infectious Bronchitis,50
Machakos,Lumpy Skin Disease (LSD),1
Machakos,Pneumonia ,2
Machakos,Rabies,5
Makueni, Ephemeral Fever ,5
Makueni,Abscess,1
Makueni,Abscess ,0
Makueni,Allergies ,0
Makueni,Anaemia,8
Makueni,Anaplasmosis,332
Makueni,Anaplasmosis ,0
Makueni,Animal bites,96
Makueni,Arthritis ,16
Makueni,Ascites ,3
Makueni,Babesiosis ,52
Makueni,Black Quarter,3
Makueni,Bloat,0
Makueni,Bluetongue ,24
Makueni,Brucellosis,592
Makueni,Calving,5
Makueni,Canine Distemper (CD),13
Makueni,Clinical Mastitis ,3
Makueni,Coccidosis,1510
Makueni,Collibacillosis,4
Makueni,Congestion ,0
Makueni,Conjunctivitis ,4
Makueni,Contagious Bovine Pleuropneumonia (CBPP),842
Makueni,Contagious Caprine Pleuropneumonia (CCPP),515
Makueni,Contagious keratoconjunctivitis ,6
Makueni,Diarrhea ,3
Makueni,Dog Bite,3
Makueni,Dystocia,0
Makueni,East Coast Fever,2
Makueni,East Coast Fever(ECF),371
Makueni,Eclampsia ,0
Makueni,Enteritis ,33
Makueni,Enterotoxaemia,22
Makueni,Ephemeral ,0
Makueni,Eye Infection ,0
Makueni,Fascioliasis ,0
Makueni,Food Poisoning ,7
Makueni,Foot and Mouth Disease (FMD),3747
Makueni,Footrot,5
Makueni,Fowl Pox,570
Makueni,Fracture ,2
Makueni,Goat Pox,312
Makueni,H.S,3
Makueni,HS,6
Makueni,Haemorrhagic Septicemia ,57
Makueni,Haemorrhagic septicemia,29
Makueni,Heamoligic Septicemia ,1
Makueni,Heart Water,373
Makueni,Heat Synchronization ,0
Makueni,Helminthes,5
Makueni,Helminthiasis,588
Makueni,Hide Limb Fracture,0
Makueni,Hoof Trimming ,0
Makueni,Hydatid Cyst,1
Makueni,Hydatidosis ,0
Makueni,"Hydatidosis, Helminthiasis ",0
Makueni,Hydronephrosis,2
Makueni,Infectious Bronchitis,195
Makueni,Injury,1
Makueni,Insect Bite,3
Makueni,Iron Deficiency ,0
Makueni,Kidney Stones ,1
Makueni,Leptospirosis,8
Makueni,Liver Abscess,1
Makueni,Lumpy Skin Disease (LSD),1545
Makueni,Lympadenities,3
Makueni,Mange,56
Makueni,Mange ,10
Makueni,Mastitis,5
Makueni,Mastitis ,11
Makueni,Myasis,0
Makueni,Myiasis,2
Makueni,Myiasis ,1
Makueni,Myopericarditis ,6
Makueni,Newcastle Disease (NCD),3640
Makueni,None ,1
Makueni,Normal ,0
Makueni,Orf,190
Makueni,Orf Disease Was Diagnosed ,800
Makueni,Parvovirus,25
Makueni,Peste des Petit Ruminants (PPR),42
Makueni,Pneumonia,993
Makueni,Pneumonia ,51
Makueni,Poisoning,105
Makueni,Post Parturient Bleeding ,0
Makueni,Post Parturient Treatment ,2
Makueni,Premature Birth ,0
Makueni,Prolapse ,1
Makueni,Rabies,523
Makueni,Repeat Breeder Syndrome ,1
Makueni,Respiratory Infection ,3
Makueni,Retained Placenta,3
Makueni,Retained Placenta ,1
Makueni,Ringworms,1
Makueni,Route Management Program ,2
Makueni,Routine Check Up,25
Makueni,Sheep scab,0
Makueni,Skin Allergy,2
Makueni,Skin Infection ,3
Makueni,Stress ,1
Makueni,Suspected Fmd ,2
Makueni,Syphilis ,0
Makueni,Tetanus,3
Makueni,Thorn Prick,0
Makueni,Tick Paralysis ,3
Makueni,Toxins,147
Makueni,Trypanosomiasis,256
Makueni,Tumor ,0
Makueni,V.Prolapse ,0
Makueni,Worms,3
Makueni,Wryneck ,13
Makueni,ephemeral fever,1
Makueni,ephemeral fever ,4
Marsabit, Dytocia,32
Marsabit, Fever ,21
Marsabit, Foot Abscess ,78
Marsabit, Foot Rot,191
Marsabit, Hynes Predation ,2
Marsabit, Mange,167
Marsabit, Manges,400
Marsabit, Pneumonia ,5
Marsabit, Predation ,1
Marsabit, Salmonellosis,3
Marsabit, Wildlife Attacked ,2
Marsabit, orf,30
Marsabit,Abcess,25
Marsabit,Abortion,71
Marsabit,Abortions,50
Marsabit,Abscess,1
Marsabit,Abscess ,382
Marsabit,Acds,9
Marsabit,Actinomycosis ,20
Marsabit,Acute Camel Death Syndrome ,25
Marsabit,Acute Camel Disease,36
Marsabit,Anaplamosis,1
Marsabit,Anaplasmosis,195
Marsabit,Anaplasmosis ,119
Marsabit,Anaplasmosis Babesiosis and Eperythrozoon Bacteria,7
Marsabit,"Anaplasmosis,Babesiosis and Theileria",10
Marsabit,Animal bites,2980
Marsabit,Arthritis,40
Marsabit,Arthritis ,19
Marsabit,Atresia Ani,8
Marsabit,Avian leucosis,50
Marsabit,Babeosis,65
Marsabit,Babeosis ,36
Marsabit,Babesios,2
Marsabit,Babesiosis,367
Marsabit,Bitten By Hyena ,12
Marsabit,Black Quarter,268
Marsabit,Blue Tongue,2
Marsabit,Blue Tongue Disease,259
Marsabit,Bovine Ephemeral Fever ,10
Marsabit,Bovine papillomatosis ,7
Marsabit,Brucellosis,16262
Marsabit,Calcium Deficiency ,22
Marsabit,Calf Scours,19
Marsabit,Calf Scours ,3
Marsabit,Camel Abscess,6
Marsabit,Camel Cough,162
Marsabit,Camel Cough ,130
Marsabit,Camel Pox,305
Marsabit,Canine Distemper (CD),70
Marsabit,Caprine arthritis ,6
Marsabit,Caseous Lymphad,61
Marsabit,Caseous Lymphanginitis,22
Marsabit,Caseous Lymphangitis ,28
Marsabit,Caseous Lymphanitis,35
Marsabit,Circling,13
Marsabit,Coccidiosis,2
Marsabit,Coccidosis,768
Marsabit,Coenurosis,42
Marsabit,Coenurosis ,23
Marsabit,Colic,1
Marsabit,Coneurosis ,25
Marsabit,Conjuctivitis,5
Marsabit,Conjunctivitis ,21
Marsabit,Contagious Abortion ,3
Marsabit,Contagious Bovine Pleuropneumonia (CBPP),312
Marsabit,Contagious Caprine Pleuropneumonia (CCPP),7565
Marsabit,Contagious Ecthyma,81
Marsabit,Cut Wound ,0
Marsabit,Cutenous Myiasis,0
Marsabit,Dermatitis ,3
Marsabit,Diahorrea,34
Marsabit,Diarhroea,20
Marsabit,Diarrhoea,101
Marsabit,Dystocia,0
Marsabit,East Coast Fever(ECF),424
Marsabit,Ectoparasite Infestation ,0
Marsabit,Edema With Pus,17
Marsabit,Endometritis,17
Marsabit,Enteritis,2
Marsabit,Enterotoxaemia,1422
Marsabit,Eperythrozoon,2
Marsabit,Eperythrozoon Bacteria ,20
Marsabit,Eperythrozoon Bactreria,30
Marsabit,Ephemeral Fever,15
Marsabit,Ephemeral Fever ,4
Marsabit,Ephemeral fever,12
Marsabit,Epmiral Fever ,5
Marsabit,Equine influenza,66
Marsabit,Eternal Parasite Infestation ,25
Marsabit,Eye Disease ,1
Marsabit,Eye Infection,8
Marsabit,Eye Infection ,32
Marsabit,Eye Injury ,3
Marsabit,Eye Problem ,66
Marsabit,Feline Dermatitis ,2
Marsabit,Fever,62
Marsabit,Fever ,113
Marsabit,Foitrot,4
Marsabit,Foot And Rot,6
Marsabit,Foot Root,30
Marsabit,Foot Rot,3539
Marsabit,Foot Rot ,314
Marsabit,Foot Rote ,335
Marsabit,Foot and Mouth Disease (FMD),610
Marsabit,Foot root,120
Marsabit,Foot rot,65
Marsabit,Foot rote,6
Marsabit,Footroot,10
Marsabit,Footrot,947
Marsabit,Footrot ,49
Marsabit,Footrote,55
Marsabit,Fot rot,180
Marsabit,Fowl Pox,347
Marsabit,Fowl paralysis,45
Marsabit,Fracture ,7
Marsabit,Fracture Of Tibia And Fibula,0
Marsabit,Fructure,7
Marsabit,Goat Pox,1421
Marsabit,Gun Shot Wounds,0
Marsabit,Haemorrhagic Septicemia ,19
Marsabit,Haemorrhagic septicemia,917
Marsabit,Heamorhagic Septicemia ,15
Marsabit,Heart Water,2025
Marsabit,Helmenthiasis ,15
Marsabit,Helmets ,0
Marsabit,Helminthias,27
Marsabit,Helminthiasis,9005
Marsabit,Helminthiasis ,163
Marsabit,Helminths ,0
Marsabit,High Fever,86
Marsabit,Hyenas ,1
Marsabit,Hynes Attacked ,2
Marsabit,Hynes Attacked and Killed 1 Bovine /Left 1 Injuries ,2
Marsabit,Infectious Bronchitis,47
Marsabit,Infectious Bursai Disease (Gumboro),15
Marsabit,Infectious Coryza ,16
Marsabit,Injury ,0
Marsabit,Kerato Conjuctivities ,1
Marsabit,Keratoconjunctivities,47
Marsabit,Ketosis/Hypocalcaemia,7
Marsabit,Kids Score ,3
Marsabit,Lack Of Minerals,3
Marsabit,Laryngotracheitis,26
Marsabit,Late Abortion,15
Marsabit,Leptospirosis,10
Marsabit,Listeriosis,10
Marsabit,Lumpy Skin Disease (LSD),1002
Marsabit,Lymph Swelling ,31
Marsabit,Lymphatic Nodes Swelling ,24
Marsabit,Malaria,297
Marsabit,Malaria ,36
Marsabit,Mange,1768
Marsabit,Mange ,206
Marsabit,Manges,219
Marsabit,Mastitis,241
Marsabit,Mastitis ,189
Marsabit,Menge,233
Marsabit,Menge ,98
Marsabit,Meningitis,25
Marsabit,Meningitis ,25
Marsabit,Metritis,0
Marsabit,Milk Fever,0
Marsabit,Milk fever,17
Marsabit,Myasis,0
Marsabit,Newcastle Disease (NCD),412
Marsabit,No,143
Marsabit,Not Confirmed Yet,60
Marsabit,ORF,28
Marsabit,ORF ,43
Marsabit,Orf,578
Marsabit,Orf ,13
Marsabit,Organophosphate,0
Marsabit,Parasites,619
Marsabit,Parvovirus,2
Marsabit,Peste des Petit Ruminants (PPR),20869
Marsabit,Pg,0
Marsabit,Pheumonia,173
Marsabit,Pink Eye,27
Marsabit,Pink Eyes,23
Marsabit,Pink Eyes ,12
Marsabit,Pinkeye,1
Marsabit,Plant Poisoning,8
Marsabit,Pneumonia,9080
Marsabit,Pneumonia ,24
Marsabit,Poisoning,1807
Marsabit,Predation by Hynes ,5
Marsabit,Predation {Hyena},2
Marsabit,Pullorium disease,14
Marsabit,Qfever,23
Marsabit,Rabies,992
Marsabit,Respiratory Complex ,33
Marsabit,Respiratory Complications ,61
Marsabit,Respiratory Problem ,50
Marsabit,Retained Afterbirth,0
Marsabit,Retained Placenta,8
Marsabit,Retained Placenta ,1
Marsabit,Retained Urine,21
Marsabit,Rift Valley Fever (RVF),7765
Marsabit,Ruminal Tympany,2
Marsabit,Salmonellosis ,5
Marsabit,Sarcoptic Mange,32
Marsabit,Septic Wounds,5
Marsabit,Sheep Pox,705
Marsabit,Sheep scab,89
Marsabit,Skin Abscess ,0
Marsabit,Skin Rashes And Manges,26
Marsabit,Snake Bite ,8
Marsabit,Sores Around The Gums,2
Marsabit,Strangles ,4
Marsabit,Subclinical Mastitis,1
Marsabit,Subclinical Mastitis ,1
Marsabit,Suspected Brucellosis ,1
Marsabit,Swelling Lymph Nodes ,114
Marsabit,Swelling Of Glands ,16
Marsabit,Swollen Edema With Pus,25
Marsabit,TBDs,2791
Marsabit,"TBDs,TRYPS",68
Marsabit,Taeniosis,1
Marsabit,Tetanus,144
Marsabit,Theileriosis,52
Marsabit,Three Day Sickness ,2
Marsabit,Torticolis,85
Marsabit,Trapnomiasis,1
Marsabit,Trpanosomiasis ,0
Marsabit,Trypanosomiasis,1946
Marsabit,Upper respiratory infections,3
Marsabit,Uterine Prolapse ,21
Marsabit,Vaginal Prolapse ,1
Marsabit,Vectors,450
Marsabit,Vitamin D deficiency,12
Marsabit,Vitamin Deficiencies ,50
Marsabit,Warbles ,2
Marsabit,Wary Neck ,32
Marsabit,White Muscle ,147
Marsabit,White Muscle Disease ,21
Marsabit,Wild Life Attacked ,1
Marsabit,Wildlife(Hynes Attacked),2
Marsabit,Wooden Tongue,20
Marsabit,Worms,9
Marsabit,Wound,129
Marsabit,Wound ,59
Marsabit,Wounds ,20
Marsabit,Wrinkles Nack ,12
Marsabit,Wry Neck ,33
Marsabit,Wry neck,15
Marsabit,blue tongue ,255
Marsabit,caseous Lymphad,11
Marsabit,ephemeral fever ,1
Marsabit,footrot,759
Marsabit,hemorrhagic septicemia ,15
Marsabit,mastitis ,3
Marsabit,orf,492
Meru,Abscess ,2
Meru,East Coast Fever(ECF),6
Meru,Foot and Mouth Disease (FMD),1000
Meru,Hardware ,1
Meru,Lumpy Skin Disease (LSD),6
Meru,Mastitis ,7
Meru,Peste des Petit Ruminants (PPR),50
Meru,Pneumonia,2
Meru,Trichomonas ,5
Migori,Lumpy Skin Disease (LSD),2
Migori,Rift Valley Fever (RVF),83
Mombasa,Anaplasmosis,5
Mombasa,Anaplasmosis ,7
Mombasa,Animal bites,3
Mombasa,Anthrax,75
Mombasa,Brucellosis,1
Mombasa,Colic,0
Mombasa,Contagious Caprine Pleuropneumonia (CCPP),10
Mombasa,Ear Canker,21
Mombasa,Enteritis ,1
Mombasa,Helminthiasis,107
Mombasa,Inflammation of Abomesum,9
Mombasa,Johnes Disease,6
Mombasa,Lumpy Skin Disease (LSD),14
Mombasa,Mange,2
Mombasa,Mastitis ,3
Mombasa,Newcastle Disease (NCD),21
Mombasa,Otitis Interner,1
Mombasa,Parvovirus,1
Mombasa,Pneumonia,117
Mombasa,Pullorium disease,50
Mombasa,Rabies,6
Nairobi,AFLATOXICOSIS,8
Nairobi,Aflatoxicosis ,5
Nairobi,Aggressiveness due to loneliness ,2
Nairobi,Contagious Bovine Pleuropneumonia (CBPP),15
Nairobi,Fowl Pox,90
Nairobi,Lumpy Skin Disease (LSD),10
Nairobi,O,2
Nairobi,Pneumonia,0
Nairobi,Rabies,16
Nairobi,White Bacilary Diarrhoea ,150
Nairobi,White Muscle,53
Nakuru,Abortion ,3
Nakuru,African Horse Sickness,5
Nakuru,African Swine Fever (ASF),70
Nakuru,Anaplasmosis,14
Nakuru,Animal bites,15
Nakuru,Anthrax,30
Nakuru,Bee Sting,2
Nakuru,Black Quarter,16
Nakuru,Brucellosis,193
Nakuru,Calf Scours,1
Nakuru,Coenurosis,36
Nakuru,Contagious Caprine Pleuropneumonia (CCPP),15
Nakuru,East Coast Fever(ECF),64
Nakuru,Enterotoxaemia,60
Nakuru,Foot and Mouth Disease (FMD),330
Nakuru,Footrot,18
Nakuru,Fowl Pox,40
Nakuru,Helminthiasis,243
Nakuru,Infectious Coryza,10
Nakuru,Lumpy Skin Disease (LSD),40
Nakuru,Newcastle Disease (NCD),2
Nakuru,Non,11
Nakuru,Not Known,2
Nakuru,Parvovirus,3
Nakuru,Pneumonia,401
Nakuru,Rabies,0
Nakuru,Salmonellosis ,87
Nakuru,Sheep Pox,163
Nakuru,Sweating Sickness,0
Nakuru,Teat Warts,1
Nakuru,Trypanosomiasis,1
Nandi,Anaplasmosis,3
Nandi,Anthrax,30
Nandi,Fracture ,0
Nandi,Helminthiasis,0
Narok,Animal bites,124
Narok,Babesiosis,13
Narok,Bee Sting ,2
Narok,Black Quarter,7
Narok,Blue Tongue ,345
Narok,Brucellosis,341
Narok,Contagious Caprine Pleuropneumonia (CCPP),498
Narok,Cuten,15
Narok,Dystocia,6
Narok,East Coast Fever(ECF),1041
Narok,Enterotoxaemia,424
Narok,Foot and Mouth Disease (FMD),1230
Narok,Helminthiasis,953
Narok,Highly Pathogenic Avian Influenza (HPAI),50
Narok,Lumpy Skin Disease (LSD),50
Narok,Malignant Cuttehral Fever ,150
Narok,Ocular Opacity ,45
Narok,Peste des Petit Ruminants (PPR),350
Narok,Pink Eye,351
Narok,Pneumonia,83
Narok,Poisoning,231
Narok,Rabies,100
Narok,Rift Valley Fever (RVF),15
Narok,Sheep scab,18
Narok,Stomach Enteritis,0
Narok,Trypanosoma ,0
Narok,Trypanosomiasis,88
Narok,footrot,74
Nyamira,Anaplasmosis,1
Nyamira,Black Quarter,0
Nyamira,Contagious Caprine Pleuropneumonia (CCPP),105
Nyamira,Foot and Mouth Disease (FMD),50
Nyandarua,Abcess,5
Nyandarua,Anaplasmosis,10
Nyandarua,Black Quarter,210
Nyandarua,Brucellosis,242
Nyandarua,Contagious Caprine Pleuropneumonia (CCPP),57
Nyandarua,East Coast Fever(ECF),9
Nyandarua,Foot and Mouth Disease (FMD),27
Nyandarua,Lumpy Skin Disease (LSD),1063
Nyandarua,Non,88
Nyandarua,Photosensation,9
Nyandarua,Pneumonia,167
Nyandarua,Poisoning,3
Nyandarua,Rabies,4
Nyandarua,Stomatitis,16
Nyandarua,Trypanosomiasis,5
Nyandarua,Uterine Infection,83
Nyandarua,Wax Moth,10
Nyeri,African Swine Fever (ASF),6
Nyeri,Anaplasmosis ,7
Nyeri,Brucellosis,73
Nyeri,East Coast Fever(ECF),27
Nyeri,Enterotoxaemia,21
Nyeri,Foot and Mouth Disease (FMD),119
Nyeri,Fowl Pox,60
Nyeri,Helminthiasis,45
Nyeri,Lumpy Skin Disease (LSD),102
Nyeri,Mange,30
Nyeri,Orf,9
Nyeri,Parvovirus,5
Nyeri,Pneumonia,39
Nyeri,Rabies,2
Samburu,  Orf,31
Samburu, Abscess,0
Samburu, Bacterial Enteritis ,4
Samburu, Footrot ,121
Samburu, Fracture Of Radius And Ulna,0
Samburu, N/A,213
Samburu, Umbilical Hernia ,0
Samburu,Abscess,74
Samburu,Abscess ,99
Samburu,Actinobacillosis,0
Samburu,Acute Mastitis ,12
Samburu,Acute Pneumonia ,3
Samburu,Aflatoxicosis,5
Samburu,Aflatoxin ,12
Samburu,Aflatoxin Poisoning ,0
Samburu,Anaplasmosis,293
Samburu,Anestrus,1
Samburu,Animal bites,379
Samburu,Auricular Hematoma ,0
Samburu,Babesiosis ,13
Samburu,Bacterial Diarrhea ,21
Samburu,Bacterial Enteritis,0
Samburu,Bacterial Mastitis ,0
Samburu,Black Quarter,27
Samburu,Bloat,41
Samburu,Bloat ,68
Samburu,Bloat And Constipation ,0
Samburu,Bluetongue ,238
Samburu,Bluetongue Disease ,1
Samburu,Brucellosis,371
Samburu,Calf Scours,2
Samburu,Camel Cough,77
Samburu,Camel Pox,113
Samburu,Carpal Flexion Dystocia,0
Samburu,Carpus Sprain,0
Samburu,Chronic Mange Infestation ,52
Samburu,Clinical Mastitis ,2
Samburu,Coccidosis,64
Samburu,Coenurosis,54
Samburu,Coenurosis ,7
Samburu,Contagious Bovine Pleuropneumonia (CBPP),40
Samburu,Contagious Caprine Pleuropneumonia (CCPP),6884
Samburu,Contagious Ecthyma,35
Samburu,Contagious Ecthyma ,0
Samburu,Contagious Porcine Paralysis,36
Samburu,Contagious Skin Necrosis ,6
Samburu,Coryza,58
Samburu,Decubitus Ulcer,0
Samburu,Dermatomycosis,0
Samburu,Dermatophycosis,4
Samburu,Diarrhea ,280
Samburu,Diarrhoea,11
Samburu,Diarrhoea ,83
Samburu,Dystocia ,1
Samburu,East Coast Fever(ECF),582
Samburu,Ectoparasites Infestation ,0
Samburu,Enteritis,13
Samburu,Enterotoxaemia,230
Samburu,Ephemeral Fever ,25
Samburu,Eye Infection ,55
Samburu,Fascioliasis,130
Samburu,Fetal Mummification ,0
Samburu,Flea Allergy Dermatitis,2
Samburu,Flea Infestation ,2
Samburu,Foot Abscess,0
Samburu,Foot Injury ,53
Samburu,Foot Rot,80
Samburu,Foot and Mouth Disease (FMD),5741
Samburu,Footh Rot,70
Samburu,Footrot,601
Samburu,Footrot ,305
Samburu,Fowl Pox,12
Samburu,Fowltyphoid,20
Samburu,Fracture,0
Samburu,Fracture Of The Mandible,0
Samburu,Fractured Carpals,0
Samburu,Gape Worm,18
Samburu,Gape Worm Infestation ,33
Samburu,Glossitis ,0
Samburu,Goat Dystentry ,52
Samburu,Goat Pox,164
Samburu,Haemonchosis,13
Samburu,Haemorrhagic septicemia,79
Samburu,Heart Water,41
Samburu,Helminthiasis,3195
Samburu,Hemonchosis,276
Samburu,Humeral Fracture,0
Samburu,Hypocalcemia ,0
Samburu,Hypoglycemia ,0
Samburu,Infection Coryza,25
Samburu,Infectious Bursai Disease (Gumboro),253
Samburu,Infectious Coryza,25
Samburu,Johnes Disease,33
Samburu,Knee Bruises,0
Samburu,Lameness ,5
Samburu,Leg Wounds ,0
Samburu,Lumpy Skin Disease (LSD),314
Samburu,Malnutrition ,1
Samburu,Mammary Gland Tumor,0
Samburu,Mange,263
Samburu,Mange ,119
Samburu,Mastitis,83
Samburu,Mastitis ,21
Samburu,Metritis,6
Samburu,Mummified Fetus,0
Samburu,Mycosis,13
Samburu,Mycotoxicosis ,0
Samburu,Neurological Diseases ,6
Samburu,No,246
Samburu,Non Specific Diarrhoea ,57
Samburu,Nutritional Diarrhea ,25
Samburu,Ophthalmitis,57
Samburu,Orf,131
Samburu,Parakeratosis,0
Samburu,Paraphimosis ,1
Samburu,Parvovirus,5
Samburu,Peritonitis,0
Samburu,Peste des Petit Ruminants (PPR),11579
Samburu,Photosensitivity ,1
Samburu,Photosensitization ,0
Samburu,Pink Eye,147
Samburu,Pink Eye Infection,3
Samburu,Pneumonia,1506
Samburu,Poisoning,38
Samburu,Poor Milking Technique Causing Pain,1
Samburu,Puncture Wound,16
Samburu,Puncture Wound ,52
Samburu,Pyrethrin Poisoning ,0
Samburu,Rab,0
Samburu,Rabies,47
Samburu,Retained Afterbirth,0
Samburu,Retained Afterbirth ,0
Samburu,Retained Placenta ,5
Samburu,Rhinitis,1
Samburu,Rift Valley Fever (RVF),82
Samburu,Ruminal Acidosis ,12
Samburu,Salmonellosis,3
Samburu,Septicemia ,2
Samburu,Severed Artery,0
Samburu,Sheep Pox,935
Samburu,Sheep scab,49
Samburu,Shipping Fever,0
Samburu,Skin Abscess,0
Samburu,Skin Abscess ,0
Samburu,Skin Nodules ,52
Samburu,Skin Wound,0
Samburu,Skin Wound ,29
Samburu,Skin Wounds,0
Samburu,Skina Abscess ,0
Samburu,Sodium Selenite Hypersensitivity ,0
Samburu,Sprain,15
Samburu,Sprain ,59
Samburu,Sprain Of The Elbow Joint ,0
Samburu,Sprain On Left Hind Limb ,84
Samburu,Stick Tight Fleas,16
Samburu,Stomatitis And Mammilitis,3
Samburu,Streptothricosis ,7
Samburu,Suspected CCPP,63
Samburu,Suspected RVF,128
Samburu,Suspected TRP,1
Samburu,Tetanus,2
Samburu,Tick  Fever ,18
Samburu,Tick Infestation ,13
Samburu,Torsion ,0
Samburu,Transmissible Venereal Tumor,3
Samburu,Trauma,0
Samburu,Traumatic Pericarditis ,85
Samburu,Traumatic Reticulopercarditis,25
Samburu,Traumatic Reticuloperitonitis,2
Samburu,Trypanosomiasis,241
Samburu,Tumour,0
Samburu,Umbilical Hernia ,0
Samburu,Unkown,15
Samburu,Upper respiratory infections,0
Samburu,Uterine Prolapse ,0
Samburu,Uterus Prolapse ,12
Samburu,Verminous Pneumonia ,173
Samburu,Warts ,83
Samburu,Water Intoxication ,30
Samburu,Worm Infestation ,37
Samburu,Worms Infestation ,5
Samburu,Wound,82
Samburu,Wounds,108
Samburu,Wounds ,127
Samburu,Wounds and Abrasion ,2
Samburu,tumour ,0
Siaya, Overgrown Horns,1
Siaya,African Swine Fever (ASF),1
Siaya,Anaphylaxis ,3
Siaya,Anaplasmosis,60
Siaya,Babesiosis,8
Siaya,Bee Bite ,5
Siaya,Black Quarter,10
Siaya,Bloat,7
Siaya,Bovine Papillomatosis ,20
Siaya,Brucellosis,1
Siaya,Carpal Abrassion Wound ,1
Siaya,Coenurosis,1
Siaya,Contagious Caprine Pleuropneumonia (CCPP),0
Siaya,Dermatitis ,0
Siaya,Dermatomycosis,8
Siaya,East Coast Fever(ECF),40
Siaya,Emaciation,2
Siaya,Enterotoxaemia,14
Siaya,Eye Infection ,6
Siaya,Foot and Mouth Disease (FMD),35
Siaya,Fowl Pox,12
Siaya,Goat Pox,2
Siaya,Heart Water,73
Siaya,Helminthes,6
Siaya,Helminthiasis,81
Siaya,Lumpy Skin Disease (LSD),61
Siaya,Mange,5
Siaya,Mastitis ,0
Siaya,Newcastle Disease (NCD),74
Siaya,Oestrus ovina,0
Siaya,Orf,16
Siaya,Parvovirus,2
Siaya,Peste des Petit Ruminants (PPR),22
Siaya,Pneumonia,23
Siaya,Poisoning,5
Siaya,Rabies,11
Siaya,Strangulation,1
Siaya,Streptothricosis,7
Siaya,Trauma,14
Siaya,Trauma ,4
Siaya,Trypanosomiasis,53
Siaya,Tryps ,6
Siaya,Vibriosis,3
Siaya,enterotoxaemia,19
Taita Taveta, Acute Trypanosomiasis,10
Taita Taveta, Fowltyphoid,30
Taita Taveta, Hypocalcemia ,0
Taita Taveta, Warts,4
Taita Taveta,Abortion ,1
Taita Taveta,Abscess,48
Taita Taveta,Abscess ,21
Taita Taveta,Acute Trypanosomiasis,29
Taita Taveta,Anaemia,3
Taita Taveta,Anaplasmosis,741
Taita Taveta,Anaplasmosis ,29
Taita Taveta,Anaplasmosis....DDx ECF,0
Taita Taveta,Animal bites,108
Taita Taveta,Arthritis,3
Taita Taveta,Babesiosis,1
Taita Taveta,Babesiosis ,10
Taita Taveta,Bacteria Scours ,1
Taita Taveta,Bite Injury,3
Taita Taveta,Black Quarter,18
Taita Taveta,Bloat,11
Taita Taveta,Bluetongue,58
Taita Taveta,Bottle Jow Oedema(malnutrition),50
Taita Taveta,Brucellosis,128
Taita Taveta,CRDB(chronic Respiratory Disease),50
Taita Taveta,Canine Distemper,0
Taita Taveta,Canine Distemper (CD),14
Taita Taveta,Castration,2
Taita Taveta,Cervical Injury ,0
Taita Taveta,Clinical Mastitis,1
Taita Taveta,Clinical Mastitis ,1
Taita Taveta,Coccidosis,1123
Taita Taveta,Colic,2
Taita Taveta,Contagious Bovine Pleuropneumonia (CBPP),4
Taita Taveta,Contagious Caprine Pleuropneumonia (CCPP),3220
Taita Taveta,Contagious Ecthyma,26
Taita Taveta,Dehorning ,1
Taita Taveta,Demedicosis,37
Taita Taveta,Diarrhoea,92
Taita Taveta,Diarrhoea ,2
Taita Taveta,Dog Bite,100
Taita Taveta,Dystocia,10
Taita Taveta,Dystocia ,2
Taita Taveta,East Coast Fever,2
Taita Taveta,East Coast Fever(ECF),408
Taita Taveta,Ehrlichiosis,4
Taita Taveta,Enteritis,9
Taita Taveta,Enteritis ,23
Taita Taveta,Enteritis 0,5
Taita Taveta,Enterotoxaemia,112
Taita Taveta,Entritis,9
Taita Taveta,Ephemeral Fever,231
Taita Taveta,Eye Infection,149
Taita Taveta,Eye Infection ,15
Taita Taveta,Eye Infection/Keratoconjunctivitis,18
Taita Taveta,Eye infection,35
Taita Taveta,Foot Rot,18
Taita Taveta,Foot Rot ,3
Taita Taveta,Foot and Mouth Disease (FMD),555
Taita Taveta,Foot rot,2
Taita Taveta,Footrot,81
Taita Taveta,Footrot ,3
Taita Taveta,Fowl Pox,315
Taita Taveta,Fowl Typhoid ,85
Taita Taveta,Fowl typhoid ,40
Taita Taveta,Fowltyphoid,20
Taita Taveta,Fracture Of Femur,0
Taita Taveta,Fungal Infection ,3
Taita Taveta,GIT Infection,41
Taita Taveta,Goat Pox,626
Taita Taveta,Grain Overload,4
Taita Taveta,Haemorrhagic septicemia,32
Taita Taveta,Hapatitis,0
Taita Taveta,Heart Water,175
Taita Taveta,Heartwater Disease,3
Taita Taveta,Heavy Breathing ,5
Taita Taveta,Helmenthiasis,0
Taita Taveta,Helmethiasis,0
Taita Taveta,Helminthiasis,1648
Taita Taveta,Helminthiasis ,75
Taita Taveta,Hemorrhagic Septicemia ,4
Taita Taveta,Hydatid,0
Taita Taveta,Hypocalcaemia,2
Taita Taveta,Hypocalcemia,1
Taita Taveta,Hypocalcimia,0
Taita Taveta,Infectious Corrhiza,40
Taita Taveta,Infectious Coryza ,40
Taita Taveta,Infectous Corryza,50
Taita Taveta,Infertility,6
Taita Taveta,Insect Bite,1
Taita Taveta,Johnes Disease,10
Taita Taveta,Keratoconjunctivitis ,50
Taita Taveta,Leg Fracture ,3
Taita Taveta,Leg Injury ,0
Taita Taveta,Limping ,0
Taita Taveta,Lumpy Skin Disease (LSD),585
Taita Taveta,Malnutrition Especially Protein Deficiency,5
Taita Taveta,Mange,117
Taita Taveta,Mange/Ear Cancer,1
Taita Taveta,Mastitis,56
Taita Taveta,Mastitis ,34
Taita Taveta,Masty,1
Taita Taveta,Matitis,0
Taita Taveta,Metritis,1
Taita Taveta,Miases,4
Taita Taveta,Milk Fever,8
Taita Taveta,Milkman disease ,1
Taita Taveta,Miscarriage ,3
Taita Taveta,Myaisis,0
Taita Taveta,Myasis,1
Taita Taveta,Myiasis,22
Taita Taveta,NSD,0
Taita Taveta,Nerval Illness ,85
Taita Taveta,Newcastle Disease (NCD),1370
Taita Taveta,No,1
Taita Taveta,Nsd,2
Taita Taveta,Off Disease,14
Taita Taveta,Orf,56
Taita Taveta,Orf Disease,20
Taita Taveta,Orf Disease ,48
Taita Taveta,Orf Virus,110
Taita Taveta,Orf disease,1
Taita Taveta,Parvovirus,2
Taita Taveta,Perineal Hernia,0
Taita Taveta,Peste des Petit Ruminants (PPR),495
Taita Taveta,Physical Trauma,2
Taita Taveta,Pink Eye,12
Taita Taveta,Pink Eye Infection,69
Taita Taveta,Pneumonia,1750
Taita Taveta,Poisoning,1
Taita Taveta,Poor Body Condition ,0
Taita Taveta,Postpartum Uterine Infection,0
Taita Taveta,Postpertum Uterine Infection,0
Taita Taveta,Pregnancy Test ,0
Taita Taveta,Pyometra,0
Taita Taveta,R.A.B,0
Taita Taveta,RAB,1
Taita Taveta,RAT,275
Taita Taveta,Rabies,2
Taita Taveta,Respiratory Infection,0
Taita Taveta,"Respiratory Infection, Helminthiasis",3
Taita Taveta,Retain After Birth ,1
Taita Taveta,Retained  Afterbirth ,0
Taita Taveta,Retained After birth,1
Taita Taveta,Retained Afterbirth ,0
Taita Taveta,Rift Valley Fever (RVF),366
Taita Taveta,Ring Worm,4
Taita Taveta,Salmonellosis ,30
Taita Taveta,Septicemia ,2
Taita Taveta,Sheep Pox,624
Taita Taveta,Skin Abscess,0
Taita Taveta,Skin Abscess ,0
Taita Taveta,Skin Deases,50
Taita Taveta,Skin Infection,1
Taita Taveta,Stinging,2
Taita Taveta,Suspected Canine tick Borne Fever (Babesiosis and Or Canine Ehrlichiosis.,1
Taita Taveta,Tick Bite Fever,3
Taita Taveta,Tick Fever,1
Taita Taveta,Traumatic Injury,10
Taita Taveta,Trypanosomiasis,2425
Taita Taveta,Trypanosomiasis DDx Mineral Deficiency,2
Taita Taveta,"Trypanosomiasis, Respiratory Infection",3
Taita Taveta,Trypanosomiasis....ddx Respiratory Infection,4
Taita Taveta,Tryps and Helminthiasis,1
Taita Taveta,Tuberculosis ,12
Taita Taveta,Unknown ,0
Taita Taveta,Uterine Infection,0
Taita Taveta,Uterine Irrigation ,0
Taita Taveta,Uterine Prolapse,2
Taita Taveta,Uterine Prolapse ,0
Taita Taveta,Vaginal Prolapse ,400
Taita Taveta,Vibriosis ,0
Taita Taveta,Warts,0
Taita Taveta,Wound,16
Taita Taveta,Wound ,1
Taita Taveta,Wounds,6
Taita Taveta,parturition eodema ,0
Tana River,Abscess,0
Tana River,Anaplasmosis,706
Tana River,Anaplasmosis ,120
Tana River,Animal bites,406
Tana River,Black Quarter,280
Tana River,Blue Tongue,150
Tana River,Bluetongue,102
Tana River,Broken Hind Limb,0
Tana River,Brucellosis,853
Tana River,Camel Pox,97
Tana River,Coccidosis,843
Tana River,Contagious Bovine Pleuropneumonia (CBPP),374
Tana River,Contagious Caprine Pleuropneumonia (CCPP),15155
Tana River,Diarrhoea,0
Tana River,Enterotoxaemia,20
Tana River,Equine trypanosomiasis ,3
Tana River,Exophthalmos ,0
Tana River,Foot Rot,231
Tana River,Foot and Mouth Disease (FMD),6850
Tana River,Foot rot,20
Tana River,Fowl Typhoid,215
Tana River,Goat Pox,9343
Tana River,Haemorrhagic septicemia,2225
Tana River,Hardware,0
Tana River,Heart Water,61
Tana River,Helmenthiosis,64
Tana River,Helmethiosis,58
Tana River,Helminthiasis,1681
Tana River,Helminthiasis ,9
Tana River,Infectious Coryza,12
Tana River,Infectious Coryza ,60
Tana River,Injury,53
Tana River,Kennel cough,2
Tana River,Lumpy Skin Disease (LSD),2317
Tana River,Mange,144
Tana River,Newcastle Disease (NCD),31
Tana River,None ,2
Tana River,Orf,120
Tana River,Parvovirus,2
Tana River,Peste des Petit Ruminants (PPR),6633
Tana River,Pneumonia,9071
Tana River,Rift Valley Fever (RVF),63
Tana River,Septicaemia/Salmonella ,75
Tana River,Sheep Enterotoximea,21
Tana River,Sheep Pox,1343
Tana River,Sheep scab,12
Tana River,Tick Infestation ,15
Tana River,Trypanosomiasis,5702
Tana River,Yes,300
Tana River,orf,21
Tharaka-Nithi,Anaplasmosis,42
Tharaka-Nithi,Anthrax,53
Tharaka-Nithi,Black Quarter,8
Tharaka-Nithi,Brucellosis,10
Tharaka-Nithi,Brucellosis ,1
Tharaka-Nithi,Canine Distemper (CD),21
Tharaka-Nithi,Cellulitis ,10
Tharaka-Nithi,Coccidosis,2
Tharaka-Nithi,Cowdriosis,3
Tharaka-Nithi,East Coast Fever(ECF),18
Tharaka-Nithi,Enterotoxaemia,3
Tharaka-Nithi,Foot Rot,1
Tharaka-Nithi,Foot and Mouth Disease (FMD),112
Tharaka-Nithi,Git Infection ,0
Tharaka-Nithi,Goat Pox,2
Tharaka-Nithi,Heart Water,0
Tharaka-Nithi,Helminthiasis,1
Tharaka-Nithi,Kennel cough,0
Tharaka-Nithi,Lumpy Skin Disease (LSD),232
Tharaka-Nithi,Mastitis,1
Tharaka-Nithi,Mastitis ,25
Tharaka-Nithi,Milk Fever,0
Tharaka-Nithi,Non specific disease ,0
Tharaka-Nithi,None ,0
Tharaka-Nithi,Numbness ,0
Tharaka-Nithi,O,2
Tharaka-Nithi,O0,10
Tharaka-Nithi,Pneumonia,147
Tharaka-Nithi,Rabies,0
Tharaka-Nithi,Retained Afterbirth ,1
Tharaka-Nithi,Trichomoniasis ,0
Tharaka-Nithi,Trypanosomiasis,13
Tharaka-Nithi,mastitis,2
Trans Nzoia,Black Quarter,15
Trans Nzoia,Calfscours Disease,1
Trans Nzoia,Foot and Mouth Disease (FMD),115
Trans Nzoia,Helminthiasis,18
Trans Nzoia,Hydatidosis ,0
Trans Nzoia,Infectious Bronchitis,75
Trans Nzoia,Mastitis ,3
Trans Nzoia,Pneumonia,205
Trans Nzoia,Salmonelosis,6
Trans Nzoia,Tetanus,12
Turkana,Anaplasmosis,2
Turkana,Brucellosis,221
Turkana,CCPP,65
Turkana,Camel Mange,41
Turkana,Camel Pox,21
Turkana,Chlamydia,11
Turkana,Contagious Bovine Pleuropneumonia (CBPP),26
Turkana,Contagious Caprine Pleuropneumonia (CCPP),5087
Turkana,Diarrhea ,185
Turkana,Diarrhoea ,303
Turkana,Enterotoxaemia,482
Turkana,Faecal Impaction,47
Turkana,Foot Rot,23
Turkana,Foot rot,124
Turkana,Goat Pox,733
Turkana,Haemorrhagic Septicaemia ,19
Turkana,Heart Water,438
Turkana,Helminth ,76
Turkana,Helminthiasis,1758
Turkana,Lumpy Skin Disease (LSD),7448
Turkana,Mange,574
Turkana,Newcastle Disease (NCD),1
Turkana,Orf,766
Turkana,Orf ,95
Turkana,Plant Poisoning ,115
Turkana,Pneumonia,435
Turkana,Rabies,30
Turkana,Sheep scab,306
Turkana,Trypanosomiasis,47
Uasin Gishu,Anaplasmosis,4
Uasin Gishu,Anthrax,7
Uasin Gishu,Contagious Caprine Pleuropneumonia (CCPP),422
Uasin Gishu,East Coast Fever(ECF),12
Uasin Gishu,Enterotoxaemia,5
Uasin Gishu,Helminthiasis,25
Uasin Gishu,Mange,1
Uasin Gishu,Mange ,6
Uasin Gishu,Mastitis ,3
Uasin Gishu,Pneumonia,285
Uasin Gishu,Rabies,6
Vihiga, Abscess,1
Vihiga, Effects Of Dexamethasone,9
Vihiga, Grass Tetany,2
Vihiga, Horn Buds,1
Vihiga, Iron Deficiency ,11
Vihiga, Locia,1
Vihiga, Pink Eye,6
Vihiga, Retained Afterbirth,2
Vihiga, Salmonellosis,10
Vihiga,Allergy,2
Vihiga,Anaestrus,4
Vihiga,Anaplasmosis,57
Vihiga,Animal bites,16
Vihiga,Anorexic,5
Vihiga,Anthrax,33
Vihiga,Arthritis ,0
Vihiga,Ascites ,1
Vihiga,Babesiosis,0
Vihiga,Bee Sting,0
Vihiga,Benign tumour of mammary gland ,1
Vihiga,Black Quarter,26
Vihiga,Brucellosis,250
Vihiga,Camel Pox,6
Vihiga,Canine Distemper (CD),1
Vihiga,Clinical Mastitis,29
Vihiga,Coccidosis,169
Vihiga,Compound Fructure,3
Vihiga,Contagious Caprine Pleuropneumonia (CCPP),2498
Vihiga,Delayed Heat,2
Vihiga,Diamond ,0
Vihiga,Diqrrhoea due lush pasture,20
Vihiga,Dislocation ,10
Vihiga,Downer cow syndrome ,2
Vihiga,Dystocia,0
Vihiga,East Coast Fever(ECF),46
Vihiga,Enterotoxaemia,2
Vihiga,Foot and Mouth Disease (FMD),45
Vihiga,Fowl Pox,100
Vihiga,Fowl Typhoid ,298
Vihiga,Gangrenous Disease,175
Vihiga,Goat Pox,75
Vihiga,Hardware ,0
Vihiga,Heart Water,453
Vihiga,Heartwater,5
Vihiga,Helmenthiasis,0
Vihiga,Helminthiasis,441
Vihiga,Helminthiasis ,5
Vihiga,Helminthisiasis,3
Vihiga,Infertility  Disease,1
Vihiga,Iron ,9
Vihiga,Iron Defficiency ,0
Vihiga,Iron Deficiency,20
Vihiga,"Iron Deficiency,tooth & Tail Clipping",9
Vihiga,Laceration,3
Vihiga,Laceration ,5
Vihiga,Lice Infestation ,0
Vihiga,Locked Jaw/ Tetanus,5
Vihiga,Lumpy Skin Disease (LSD),20
Vihiga,Mange,38
Vihiga,Manges,5
Vihiga,Mastitis,10
Vihiga,Mastitis ,13
Vihiga,Mastitis/blocked Teat,9
Vihiga,Menges,4
Vihiga,Milk Fever,1
Vihiga,Mummified foetus ,0
Vihiga,Newcastle Disease (NCD),370
Vihiga,O,1
Vihiga,Parvovirus,1
Vihiga,Peste des Petit Ruminants (PPR),471
Vihiga,Photosensitization,1
Vihiga,Photosensitization ,1
Vihiga,Pink Eye,7
Vihiga,Pneumonia,1393
Vihiga,Poisoning,0
Vihiga,Postparturent Agalactia,1
Vihiga,Pregnancy Diagnostic,1
Vihiga,Profuse Diarrhoea,30
Vihiga,Rabies,39
Vihiga,Reproductive Disorder,3
Vihiga,Retained After Birth,3
Vihiga,Retained Placenta,0
Vihiga,Ringworms,8
Vihiga,Rolling Tongue ,2
Vihiga,Ruminal Tympany,3
Vihiga,Sprain,0
Vihiga,Stomach Enteritis ,8
Vihiga,Streptococcis,900
Vihiga,TRP,0
Vihiga,Thelezia,3
Vihiga,Transmissible Venereal Tumour,3
Vihiga,Traumatic of eye,1
Vihiga,Trypanosomiasis,78
Vihiga,Tumour ,6
Vihiga,Uterine Prolapse,2
Vihiga,Vaginal Prolapse,1
Vihiga,Wart Infection,0
Vihiga,Wart Infection ,2
Vihiga,Warts,0
Wajir,Anaemic ,120
Wajir,Animal bites,163
Wajir,Contagious Caprine Pleuropneumonia (CCPP),2965
Wajir,Foot and Mouth Disease (FMD),300
Wajir,Goat Pox,200
Wajir,Haemorrhagic septicemia,42
Wajir,Peste des Petit Ruminants (PPR),32244
Wajir,Pneumonia,1250
Wajir,Rabies,838
West Pokot,Anaplasmosis,48
West Pokot,Contagious Caprine Pleuropneumonia (CCPP),94
West Pokot,East Coast Fever(ECF),115
West Pokot,Fungul,1
West Pokot,Helminthiasis,0
West Pokot,Lumpy Skin Disease (LSD),687
West Pokot,Mange,6
West Pokot,Peste des Petit Ruminants (PPR),4344
West Pokot,Retain Placenta,2
West Pokot,Rift Valley Fever (RVF),118
West Pokot,Sinusitis,1
West Pokot,Trypanosomiasis,118
